OBJECTID,CLUSTER_ID,FREQUENCY,MEAN_pm_25,STD_pm_25,MEAN_pm_10,STD_pm_10,MEAN_no_2,STD_no_2,MEAN_o3_s35,STD_o3_s35,MEAN_o3_p932,STD_o3_p932,MEAN_DEG_URBA,STD_DEG_URBA,MEAN_Y_LT15_share,STD_Y_LT15_share,MEAN_Y_1564_share,STD_Y_1564_share,MEAN_Y_GE65_share,STD_Y_GE65_share,MEAN_NAT_share,STD_NAT_share,MEAN_EU_OTH_share,STD_EU_OTH_share,MEAN_OTH_share,STD_OTH_share,MEAN_SAME_share,STD_SAME_share,MEAN_CHG_IN_share,STD_CHG_IN_share,MEAN_CHG_OUT_share,STD_CHG_OUT_share,MEAN_EMP_share,STD_EMP_share,Clusters,PCs,Country,MEAN_pm_25_f,MEAN_pm_10_f,MEAN_no_2_f,MEAN_o3_p932_f,MEAN_Y_LT15_share_f,MEAN_Y_GE65_share_f,MEAN_NAT_share_f,MEAN_EU_OTH_share_f,MEAN_OTH_share_f,MEAN_EMP_share_f,MEAN_pm_25_g,MEAN_pm_10_g,MEAN_no_2_g,MEAN_o3_p932_g,MEAN_Y_LT15_share_g,MEAN_Y_GE65_share_g,MEAN_NAT_share_g,MEAN_EU_OTH_share_g,MEAN_OTH_share_g,MEAN_EMP_share_g,any_5pct_pollution,any_5pct_socio,any_5pct_both_types,hotspot,hotspot_elderly,hotspot_children,hotspot_employment,hotspot_natives,hotspot_foreigners
1,1,1565,9.731311512,1.654666943,14.20875573,2.156133888,14.9164629,2.638818312,3906.20879,302.5679553,108.0182197,1.960153336,22.10159744,2.57978146,14.7023434,2.716328002,65.86368567,3.820776184,19.43397093,4.958905874,81.93100421,8.955853198,8.738163957,4.369955388,9.330831837,6.366108223,91.36203272,3.728790067,7.33761002,3.110438778,1.300357261,1.418062577,77.66408307,5.146276367,2,6,AT,0,0,1,0,0,0,0,0,0,0,,,0.098776782,,0.005241194,,0.011986916,,,0.035506087,1,0,0,1,0,0,0,0,0
2,2,1508,10.62097289,1.65389388,16.13314836,2.494156409,13.57551701,3.971897054,4723.335154,310.0981728,112.9725289,2.082046045,23.15318302,3.690013669,14.62568734,3.19932443,65.61610719,5.114341866,19.75820547,6.13202528,80.96053702,10.04908962,9.058607434,4.016859996,9.980855548,7.431402434,90.88206402,5.105032591,7.770207002,4.191418268,1.347728981,2.246462595,75.00108791,6.432019449,2,6,AT,1,1,0,0,0,0,0,0,1,0,0.091422557,0.135437097,,0.045865496,,0.016683906,,0.036671717,0.069664069,0.035506087,1,1,1,1,0,0,0,0,1
1,1,2735,11.21725387,0.567246861,18.77690168,1.056341846,14.29753585,1.525790932,2300.46779,197.2512287,97.38712041,1.96305177,21.21572212,0.818299294,16.70382593,2.57464116,65.06866504,3.057470298,18.22750903,3.211889004,91.54122543,5.054532889,4.151939193,3.14909353,4.306835375,3.114530089,93.05749977,2.603969789,6.632906625,2.47031557,0.3095936,0.376185464,74.10224632,4.706970482,6,6,BE,0,0,0,0,1,0,0,0,0,0,0.020214015,0.016384464,,,0.05892788,,0.030610659,,,0.01986175,0,1,0,0,0,0,0,0,0
2,2,739,10.81016489,1.082082193,18.28919257,1.787033652,18.6231158,2.954477676,2128.171755,172.1514829,96.41337617,1.831682758,28.37077131,3.379038016,19.30596476,3.088471977,63.57623319,3.554111945,17.11780205,4.218766093,74.2915355,10.52003432,9.088088954,4.174629863,16.62037555,8.993912361,89.88545801,3.528172012,9.413050825,3.30518354,0.701491166,0.548280412,58.50970152,10.06789172,6,6,BE,0,0,1,0,1,0,0,1,1,1,,,0.257806111,,0.150949946,,,0.532170259,0.470132303,0.206697084,1,1,1,1,0,1,1,0,1
3,3,295,10.39289619,1.3757741,17.28948258,1.745968379,14.80603063,3.771768309,2318.728541,248.2713543,97.39470127,2.002343849,23.18644068,3.715542719,15.774281,3.443030991,65.30972454,6.062096964,18.91599445,5.73682669,63.20273655,13.34615736,25.49190303,11.85778522,11.30536042,9.910938757,89.12575971,5.218387408,8.44922055,3.955255738,2.425019737,1.891653621,64.07435572,10.63487422,6,6,BE,0,0,0,0,0,0,0,1,1,1,,,0.004088689,7.78E-05,,0.011074218,,1.80497948,0.962719747,0.101899277,0,1,0,0,0,0,0,0,0
4,4,1271,9.232211427,0.882582411,15.75736501,1.224299993,13.1179214,2.122982944,2282.719435,99.70431056,97.94063888,0.724304948,21.36270653,1.488483954,16.7739395,2.76306819,64.51725148,3.20583381,18.70880902,4.059666446,88.41020691,6.808050795,5.931513747,3.297763514,5.658279342,5.453245754,91.22831091,3.963474156,8.490297242,3.881041404,0.281391846,0.33916941,66.09711771,8.066344233,6,6,BE,0,0,0,0,0,0,0,1,0,1,,,,0.00177034,0.004197456,,,0.094852782,,0.068177988,0,1,0,0,0,0,0,0,0
5,5,1212,10.99500076,0.782128341,18.47421162,1.311956935,14.74573989,1.777804081,2332.46595,198.3090689,97.76755711,2.105766612,21.5189769,1.340028326,13.97967047,2.595612241,58.65291115,4.03177284,27.36741838,5.268287362,88.82231585,6.127380529,5.417635911,3.5798486,5.760048238,3.748820709,90.93922698,3.37517499,8.643780874,3.215497096,0.416992148,0.430745382,70.60348623,6.369214177,6,6,BE,0,0,0,0,0,1,0,0,0,1,0.01709834,0.010116305,0.031348342,0.003828297,,0.131332557,0.004661328,,0.017985838,0.068177988,0,1,0,0,0,0,0,0,0
6,6,436,11.46738685,0.79359892,19.97257613,1.301002888,13.0210763,3.687121465,1765.302938,205.8163047,90.32980761,2.370234374,22.60550459,3.15432445,14.32861049,3.831743295,61.48096186,5.764481517,24.19042765,8.269878031,91.60632141,5.075514854,3.57998563,2.024070496,4.813692958,3.745163647,91.35353537,3.60346151,8.285089582,3.38751025,0.361375049,0.428828243,72.65910923,6.355219668,6,6,BE,0,1,0,0,0,1,0,0,0,0,0.02229895,0.063677942,,,,0.278834571,0.000711111,,,0.029115035,1,1,1,1,1,0,0,1,0
1,1,352,17.61587499,2.076587885,27.92023686,2.92430799,16.86225417,3.103958021,2332.853391,364.2699762,92.98885382,4.206511189,22.63068182,3.037274905,13.47754411,2.701360173,64.11458902,3.445658176,22.40786688,4.841165712,98.42086819,0.784215116,0.658581907,0.396604113,0.920549905,0.64257052,97.53719408,1.224790395,1.970069712,1.126590606,0.492736206,0.559007912,65.75317023,8.920270652,6,6,BG,1,0,0,0,0,1,0,0,0,0,0.071804834,0.045325182,0.025529803,0.001207386,,0.151295048,0.000324785,,,0.000215097,1,1,1,1,1,0,0,0,0
2,2,564,13.99467429,1.082191623,22.07409042,1.799630179,16.44248087,2.183216895,2079.680957,468.5725423,88.78803645,4.469466572,21.82801418,1.71934835,13.08801772,2.464361774,63.05989839,3.488783644,23.8520839,4.755922542,98.3889129,1.442121627,0.590177766,0.445469611,1.020909337,1.314898054,97.47172484,1.289701087,2.099686094,1.179338752,0.428589063,0.403316721,68.34403742,7.685191716,6,6,BG,0,0,0,0,0,1,0,0,0,0,,,,,,0.064451339,0.003690742,,,0.0391794,0,1,0,0,0,0,0,0,0
3,3,90,13.14168181,1.717070219,19.75525665,2.482807021,12.03807388,2.847973033,5133.851506,845.8527827,105.8938234,4.716955039,22.94444444,3.676102941,15.16863647,6.444522316,67.58841762,9.640206749,17.24294591,10.03282116,96.53565926,4.172238559,0.718475731,0.773312019,2.745865013,4.023381862,93.79367478,7.578901231,5.72952601,7.36348332,0.476799212,0.660576833,65.76731351,18.17284751,6,6,BG,0,0,0,1,0,0,0,1,1,0,,,,0.111736501,0.002437755,,,0.090943622,0.261187273,0.000215097,1,1,1,1,0,1,0,0,1
4,4,3,14.31010023,1.723863487,24.29071173,3.142110807,19.89553897,4.785509157,2866.722819,926.9411545,95.25082907,5.206128811,24.33333333,4.932882862,13.54988785,3.934477926,73.16792451,5.974510172,13.28218764,3.973629097,64.29164628,13.01213679,0.136928635,0.068440998,35.57142509,13.02586734,65.59761142,11.24964988,1.901328209,0.789057224,32.50106038,10.90918842,42.57455212,11.0140823,6,6,BG,0,0,1,0,0,0,0,0,1,1,,0.046799682,0.17988608,0.02432523,,,,,11.95454253,0.544756439,1,1,1,1,0,0,1,0,1
5,5,112,14.89062268,2.484508921,23.20473739,3.847254906,14.88552062,3.528801678,2643.269552,1160.222746,92.87671573,7.465340496,22.16071429,2.635699375,27.63040499,6.860949543,60.46389119,4.644690559,11.90570382,5.431525144,98.02712009,2.670387408,1.526544688,1.932294515,0.446335219,1.119924482,98.91235289,0.991853982,0.644000133,0.538144598,0.443646978,0.78338358,34.07432965,14.30119079,6,6,BG,0,0,0,0,1,0,0,1,0,1,0.040567322,,,,0.821548367,,0.01017364,0.949803682,,0.930113202,0,1,0,0,0,0,0,0,0
6,6,288,16.43571145,1.227224378,26.70961855,2.51121712,22.33678899,4.257785933,2071.812281,318.2635709,90.30041303,3.236698908,29.41666667,2.200728419,15.13174897,2.757122685,65.40506744,3.731009606,19.46318359,5.124342477,97.03987134,1.621274,0.782922251,0.403147285,2.177206409,1.388603095,94.14061415,2.872076643,5.387989133,2.75142571,0.471396712,0.290658365,76.4691311,5.666011439,6,6,BG,1,1,1,0,1,1,0,1,1,1,0.103762536,0.099581554,0.122703387,,0.116743484,0.128762086,,0.089698952,1.132614846,0.118885187,1,1,1,1,1,1,1,0,1
1,1,188,14.20310904,0.920945701,32.96953734,2.934275577,23.67874528,2.234220497,7529.733295,524.2304803,109.759699,5.182768008,21.31914894,0.776840798,17.84117191,4.083294707,67.5804054,4.14966008,14.57842269,6.316980433,75.52479959,15.76705305,9.077088847,6.423324572,15.39811157,11.2954337,94.80439439,2.759257816,3.542735466,1.978669469,1.652870148,1.495748359,65.3731977,5.126928802,3,5,CY,0,0,0,0,0,0,0,0,0,0,,,,,,,,,,0.004817261,0,0,0,0,0,0,0,0,0
2,2,74,12.09591488,0.753691728,25.95231839,2.395786177,13.71567816,3.410956172,10635.97656,1108.665959,124.5477087,4.504500369,21.60810811,2.274441479,20.44800529,7.292383739,67.45037366,6.550251182,12.10162105,9.384386191,72.88897765,20.53929337,8.764924329,7.602874486,18.34609802,15.80552188,93.58498762,5.208045106,4.045885743,3.167436211,2.369126638,3.664314581,65.68811745,11.28409738,3,5,CY,0,0,0,1,1,0,0,0,1,0,,,,0.096141878,0.146113349,,,,0.191451168,0.004817261,1,1,1,1,0,1,0,0,1
3,3,156,14.86279487,0.667128172,33.13290806,2.024888039,26.54168703,1.879173612,7645.866195,461.8188651,113.6237117,5.041996894,29.51282051,1.978879381,14.36921652,3.251075985,68.78014385,3.887762779,16.85063963,5.288553668,75.78255636,12.71401174,9.617180723,4.869478276,14.60026291,8.642259181,93.82741058,3.093935289,3.939971782,1.45191668,2.23261764,2.234140227,64.94456883,5.274510589,3,5,CY,0,0,1,0,0,1,0,1,0,0,0.046446579,0.004955202,0.120907663,,,0.155861645,0.003412876,0.059500561,,0.011448973,1,1,1,1,1,0,0,0,1
1,1,19,13.50005646,2.121106876,18.95285029,2.739807486,12.55911341,2.551892072,3519.450594,485.0894464,108.0430732,3.932231442,21.94736842,2.837715909,11.17663528,4.53769588,78.75280926,8.251124934,10.07055545,5.087472465,64.84236357,16.42171652,6.482939547,6.074763108,28.67469688,13.1654612,81.18147289,8.260630815,10.69326411,6.611357935,8.125263007,4.801804855,74.56479461,15.93605722,7,6,CZ,0,0,0,0,0,0,0,1,1,1,,,0.002102254,,,,,0.383457242,2.775152351,0.085453635,0,1,0,0,0,0,0,0,0
2,2,442,14.03307443,1.578861145,19.73748512,1.921841102,17.0972156,2.638271193,3480.974433,320.9219738,108.9212499,1.985400386,29.81221719,1.237558517,15.30710174,2.395637266,64.6295329,5.268295489,20.06336537,5.589857601,87.71831777,6.582624296,4.686042582,2.15667883,7.595639649,5.160920918,90.68336876,3.004116801,8.462900968,2.698041071,0.853730272,0.520850157,83.2220414,4.973075488,7,6,CZ,0,0,1,0,0,1,0,1,1,0,0.034425731,0.005795615,0.202356315,,,0.071955813,,0.084795803,0.695536242,0.011327179,1,1,1,1,1,0,0,0,1
3,3,565,10.96850292,1.377249343,15.55936795,1.879822502,11.8790398,2.036640264,3082.159862,301.8849771,102.8891471,2.650666627,21.7380531,1.769136434,15.66490797,2.28712391,63.59094745,3.728323165,20.74414458,4.364063087,94.2997095,3.744522611,2.838348329,1.522232679,2.861942166,2.790621298,93.3298836,2.091790598,6.235775822,1.943001108,0.434340576,0.395565029,78.36038205,5.439814036,7,6,CZ,0,0,0,0,0,0,0,0,0,0,,,,,,0.033931457,0.01007586,,,0.032876885,0,0,0,0,0,0,0,0,0
4,4,74,13.56605314,2.489240201,18.91786402,3.248260795,12.43173593,3.034402123,3628.198387,387.2501979,109.1647897,3.22984355,22.82432432,3.504822932,19.52019163,8.013655686,65.88521069,9.822216005,14.59459768,9.961499578,91.20046769,5.111279066,4.319746233,2.265113557,4.479786077,4.065173938,80.14264797,8.853234041,19.32384378,8.76691692,0.533508253,0.469997006,71.99583478,15.95239113,7,6,CZ,0,0,0,0,1,0,0,1,1,1,,,,0.002235925,0.204878822,,,0.307721296,0.21385257,0.124184859,0,1,0,0,0,0,0,0,0
5,5,741,12.99220304,1.346741091,18.18906337,1.738035551,11.55105246,1.817944451,3609.89757,302.7815116,109.3035146,1.808746594,21.22402159,1.024571378,21.18053289,3.636421669,64.49988707,3.347895417,14.31958004,4.333610035,93.35903694,4.56230318,2.950411023,1.505847058,3.690552039,3.63759186,93.52273923,2.509087294,6.079129395,2.370071428,0.398131376,0.427254257,82.28992868,3.849692006,7,6,CZ,0,0,0,0,1,0,0,0,0,0,,,,0.001270784,0.085057631,,,,,0.016720506,0,1,0,0,0,0,0,0,0
6,6,1042,14.30285085,1.779496844,19.62375341,2.119952879,12.53276635,1.984009321,3717.439791,281.7792312,108.4477617,1.942951693,21.45777351,1.03847318,15.23215901,2.043196665,60.59807608,3.590229675,24.16976491,4.259678999,95.51863551,2.717874171,2.475451126,1.154032738,2.005913366,2.103669684,93.41881777,2.080912234,6.129731466,1.987891609,0.451450762,0.48163489,80.93662735,4.093773531,7,6,CZ,0,0,0,0,0,1,0,0,0,0,0.019224328,0.035398534,,,,0.165136736,0.000513764,,,0.032876885,0,1,0,0,0,0,0,0,0
7,7,667,17.73216926,2.463779653,23.94773008,3.263738933,14.21975781,2.287976411,3869.300188,229.5026525,109.8575314,2.294886045,21.74962519,2.12421595,16.20095836,2.722311793,65.08244426,3.351445313,18.71659738,3.920314662,95.46958669,2.546973751,3.303262129,1.812927198,1.22715118,1.445226717,93.93629467,2.338184772,5.688677731,2.229507819,0.375027599,0.349551919,74.57004026,7.348156183,7,6,CZ,1,1,1,0,0,0,0,0,0,1,0.239764677,0.213312128,0.132226244,0.005068609,0.034219824,,0.012405947,,,0.085377278,1,1,1,1,0,0,1,0,0
1,1,14708,9.197649223,0.599812714,13.70668901,0.879334249,13.16718439,2.967943862,2594.300605,270.2368664,98.87715106,2.808190493,22.20567038,2.727296886,13.90707989,3.525316684,62.82092519,5.393968642,23.27199492,6.666528815,82.3895792,9.651041242,6.343516096,2.957462191,11.2669047,8.212103738,91.6457146,4.717015887,7.160368405,3.853429837,1.193916991,2.020852208,94.30584995,1.73871643,3,6,DE,0,0,0,0,0,0,0,0,0,0,,,,,,,,,,0.021042669,0,0,0,0,0,0,0,0,0
2,2,8730,10.66330143,0.871320239,15.59039865,1.28546245,15.81224564,4.312161486,2852.90284,354.3702386,102.7177844,3.076820934,25.19507446,4.325018377,13.51074455,3.276770266,61.75341256,6.166573529,24.73584289,7.440466606,83.77859561,9.82702052,6.68246006,3.194546525,9.538944333,7.879592249,91.4183677,5.251628965,7.220142219,3.681272849,1.361490081,3.16639388,92.64663243,2.33771092,3,6,DE,1,1,1,0,0,1,0,0,0,0,0.15935074,0.137429954,0.098166234,,,0.062901697,0.016859127,,,0.039328622,1,1,1,1,1,0,0,0,0
3,3,10380,8.547954305,0.963497913,12.98111843,1.310861206,14.39877238,2.888381501,3405.628671,373.1805682,105.4530392,2.156397827,22.59441233,3.091102759,14.31648451,3.027413294,64.3481659,4.910583999,21.33534959,5.483154641,77.17437867,10.79915661,9.905265498,5.226163765,12.92035583,7.955061591,91.10078737,4.556858755,7.3201621,3.47225916,1.579050534,2.310987905,96.29029678,1.072880926,3,6,DE,0,0,0,0,0,0,0,1,1,0,,,,0.026628834,0.029438575,,,0.482278294,0.146752917,0.021042669,0,1,0,0,0,0,0,0,0
1,1,732,8.539194887,1.019405594,18.60680217,2.524940538,7.752062509,2.853364155,5978.516354,730.19702,107.92149,3.300263991,22.17213115,2.735066773,13.50457177,4.545012462,65.30513557,8.505855191,21.19029266,10.59444301,50.38359291,15.75421553,15.54783377,8.356200176,34.06857332,13.5511974,79.28596268,6.339513083,15.85014745,6.082682579,4.863889867,3.811447002,45.73073449,9.296930043,5,6,ES,0,0,0,0,0,1,0,1,1,1,,,,,,0.136978933,,3.157924992,1.526153778,0.333335762,0,1,0,0,0,0,0,0,0
2,2,3223,10.33841105,1.625954511,21.73132485,2.259252931,11.1794482,3.437663238,5568.568099,799.3905165,109.1412987,4.231487056,22.10797394,2.347683002,16.04248882,3.779896608,67.97180672,3.887699369,15.98570446,5.702329408,89.56496854,7.414073097,2.54698712,2.2799341,7.888044344,6.225086791,74.85284532,9.510112965,24.56540338,9.508913964,0.581751299,0.620304674,57.06725719,9.509700905,5,6,ES,1,1,1,0,1,0,0,0,0,1,0.203995636,0.058155681,0.190497834,0.008218654,0.098126628,,0.021856576,,,0.068465995,1,1,1,1,0,1,1,0,0
3,3,1943,8.586751263,1.621462937,16.75230137,2.689097041,8.799199266,3.377894773,2613.877613,554.4082391,92.90821968,3.893598963,22.90375708,3.382346684,12.88366752,3.300390805,64.99810562,4.624901062,22.11822685,6.415462003,91.12935615,5.187842099,2.089948522,1.837332584,6.780695324,4.318789053,69.15888872,12.17396964,30.36364498,12.20386249,0.4774663,0.507034485,60.40082766,6.715418929,5,6,ES,0,0,0,0,0,0,0,0,0,0,,,,,,0.043790532,0.017466512,,,0.009496494,0,0,0,0,0,0,0,0,0
4,4,1734,10.33942285,1.610807792,20.53698264,2.684800255,18.22263752,5.764350412,4902.597311,902.7816996,108.2516161,6.238383406,29.85813149,1.090032569,14.60896076,3.904969512,66.7536731,4.620781144,18.63736614,6.408872218,83.58193118,8.70841188,2.931727011,2.354114751,13.48634181,7.685338366,71.01492665,9.425061447,27.97826355,9.476783908,1.006809796,0.846840831,60.97442373,7.450490587,5,6,ES,0,1,1,0,0,0,0,0,1,0,9.79E-05,0.103735207,0.630012251,0.003058947,,,,,0.566099845,0.009496494,1,1,1,1,0,0,0,0,1
5,5,2516,8.070593904,1.395206085,16.7811455,2.510437419,9.390565762,3.265868811,5126.320496,875.0961068,107.7397509,5.436194166,22.61923688,3.073469422,18.34060519,5.574104627,67.74456328,4.185208873,13.91483153,7.012690947,87.64925588,7.515529274,3.739325216,2.927860687,8.611418904,5.888374205,80.24494415,9.933878759,19.08842443,9.911076196,0.666631421,0.686181834,63.43642385,8.218061091,5,6,ES,0,0,0,0,1,0,0,1,0,0,,,,,0.14325186,,,0.275468419,,0.040377587,0,1,0,0,0,0,0,0,0
